{
  "primary_k": 2,
  "cluster_assignments": {
    "opus-4.6_run01": 1,
    "opus-4.6_run02": 2,
    "opus-4.6_run03": 1,
    "opus-4.6_run04": 2,
    "opus-4.6_run05": 1,
    "opus-4.6_run06": 2,
    "opus-4.6_run07": 2,
    "opus-4.6_run08": 1,
    "opus-4.6_run09": 2,
    "opus-4.6_run10": 2,
    "opus-4.6_run11": 2,
    "opus-4.6_run12": 2,
    "opus-4.6_run13": 2,
    "opus-4.6_run14": 2,
    "opus-4.6_run15": 2,
    "opus-4.6_run17": 2,
    "opus-4.6_run18": 2,
    "opus-4.6_run19": 2,
    "opus-4.6_run20": 2,
    "opus-4.6_run22": 1,
    "opus-4.6_run23": 2,
    "opus-4.6_run24": 2,
    "opus-4.6_run25": 1,
    "opus-4.6_run26": 2,
    "opus-4.6_run27": 2,
    "opus-4.6_run28": 2,
    "opus-4.6_run29": 1,
    "opus-4.6_run30": 1,
    "opus-4.6_run31": 2,
    "opus-4.6_run32": 2,
    "opus-4.6_run33": 1,
    "opus-4.6_run34": 2,
    "opus-4.6_run35": 2,
    "opus-4.6_run36": 2,
    "opus-4.6_run37": 1,
    "opus-4.6_run38": 2,
    "opus-4.6_run39": 2,
    "opus-4.6_run40": 1,
    "opus-4.6_run41": 2,
    "opus-4.6_run42": 2,
    "opus-4.6_run43": 1,
    "opus-4.6_run44": 1,
    "opus-4.6_run45": 1,
    "opus-4.6_run46": 1,
    "opus-4.6_run47": 2,
    "opus-4.6_run48": 2,
    "opus-4.6_run49": 2,
    "opus-4.6_run50": 2
  },
  "results_by_k": {
    "2": {
      "labels": [
        1,
        2,
        1,
        2,
        1,
        2,
        2,
        1,
        2,
        2,
        2,
        2,
        2,
        2,
        2,
        2,
        2,
        2,
        2,
        1,
        2,
        2,
        1,
        2,
        2,
        2,
        1,
        1,
        2,
        2,
        1,
        2,
        2,
        2,
        1,
        2,
        2,
        1,
        2,
        2,
        1,
        1,
        1,
        1,
        2,
        2,
        2,
        2
      ],
      "sizes": {
        "1": 15,
        "2": 33
      },
      "within_tvdmi": 0.140363,
      "between_tvdmi": 0.094687
    },
    "3": {
      "labels": [
        1,
        2,
        1,
        3,
        1,
        3,
        3,
        1,
        3,
        3,
        3,
        2,
        3,
        3,
        3,
        3,
        3,
        3,
        3,
        1,
        3,
        3,
        1,
        3,
        2,
        2,
        1,
        1,
        2,
        3,
        1,
        3,
        2,
        3,
        1,
        2,
        3,
        1,
        2,
        3,
        1,
        1,
        1,
        1,
        3,
        3,
        3,
        3
      ],
      "sizes": {
        "1": 15,
        "2": 8,
        "3": 25
      },
      "within_tvdmi": 0.157921,
      "between_tvdmi": 0.096892
    },
    "4": {
      "labels": [
        1,
        2,
        1,
        4,
        1,
        4,
        3,
        1,
        4,
        4,
        3,
        2,
        4,
        4,
        4,
        3,
        4,
        4,
        4,
        1,
        4,
        3,
        1,
        4,
        2,
        2,
        1,
        1,
        2,
        4,
        1,
        4,
        2,
        4,
        1,
        2,
        4,
        1,
        2,
        4,
        1,
        1,
        1,
        1,
        4,
        4,
        4,
        3
      ],
      "sizes": {
        "1": 15,
        "2": 8,
        "4": 20,
        "3": 5
      },
      "within_tvdmi": 0.173739,
      "between_tvdmi": 0.097943
    }
  }
}